記事タイトル,記事URL,記事制作者,制作者URL
PR 【1問/簡単アンケート/所要時間1分】※女性限定 20~50代の女性にアンケート,https://www.lancers.jp/work/detail/4180850,"MLISM 発注 1,962 評価 4.9",https://www.lancers.jp/client/M-LISM
NEW 感想はがきのデータ化,https://www.lancers.jp/work/detail/4190151,Ixsa0142 発注 10 評価 5,https://www.lancers.jp/client/Ixsa0142
NEW 【日本国籍をお持ちの18歳以上の方限定】マスメディアについてのアンケート（10分程度）,https://www.lancers.jp/work/detail/4189605,inamasu05 発注 67,https://www.lancers.jp/client/inamasu05
NEW 【1分で完了】アンケート回答のお仕事,https://www.lancers.jp/work/detail/4189219,Research22 発注 25,https://www.lancers.jp/client/Research22
初回 駐車場の取扱説明動画制作,https://www.lancers.jp/work/detail/4187705,日本自動車サービス開発,https://www.lancers.jp/client/yunosuke_kubota
ランディングページ１ページ分のコーディングについて,https://www.lancers.jp/work/detail/4187011,base_k 発注 241 評価 4.3,https://www.lancers.jp/client/base_k
3回目 映像ブランディング会社のHP制作,https://www.lancers.jp/work/detail/4185935,味film 発注 1 評価 5,https://www.lancers.jp/client/88ajifilm
自社WEBサービスのホームページ作成,https://www.lancers.jp/work/detail/4182916,GRIPS 評価 1,https://www.lancers.jp/client/TsuyoshiKasezawa
初回 語学塾・音楽教室のホームページ作成,https://www.lancers.jp/work/detail/4186984,Gracey,https://www.lancers.jp/client/yumi_mizuki2010
提案非公開 【ネーミング募集】新規不動産投資クラウドファンディングのネーミングを募集しています,https://www.lancers.jp/work/detail/4178086,aiwacreative,https://www.lancers.jp/client/aiwacreative
NEW 初回 中古車を紹介する動画編集作業,https://www.lancers.jp/work/detail/4189137,株式会社グロー・オートモーティブ,https://www.lancers.jp/client/GROW_Automotive
NEW コールシステムのランディングページ作成,https://www.lancers.jp/work/detail/4188543,solutionds1 発注 57 評価 5,https://www.lancers.jp/client/solutionds1
WordPressでサイトを制作してほしい,https://www.lancers.jp/work/detail/4167122,kanou design 発注 17 評価 5,https://www.lancers.jp/client/kanouwebdesign
初回 在留カードや免許証期限のアラート機能,https://www.lancers.jp/work/detail/4182409,hls_kato,https://www.lancers.jp/client/hls_kato
コーポレートサイト＿デザイン作成,https://www.lancers.jp/work/detail/4187224,WEB関連のなんでも屋ヨッシー 評価 1,https://www.lancers.jp/client/y_hiro0108
PR 【文字単価 1.67円/長期】構成案あり！様々な商品やサービスを紹介するメディアで執筆,https://www.lancers.jp/work/detail/4183786,株式会社マイベスト 発注 235 評価 4.2,https://www.lancers.jp/client/c2_otsc
2回目 WordPressによるコーポレート＆メディア・サイトの制作（カスタマイズ）,https://www.lancers.jp/work/detail/4185131,metal 発注 1 評価 5,https://www.lancers.jp/client/metal
提案非公開 不動産投資コミュニティのネーミング募集,https://www.lancers.jp/work/detail/4183190,kusu53 発注 32 評価 4.7,https://www.lancers.jp/client/kusu53
NEW 【全て選択式/2分】クレンジングに関するアンケート,https://www.lancers.jp/work/detail/4189572,株式会社未来,https://www.lancers.jp/client/mirai_rd
初回 暗号資産関連のiOSアプリの開発,https://www.lancers.jp/work/detail/4179982,peace_kt_0326,https://www.lancers.jp/client/peace_kt_0326
NEW 初回 製品説明・会社PRアニメーション動画作成 (約3分),https://www.lancers.jp/work/detail/4188154,okamoto_0048,https://www.lancers.jp/client/okamoto_0048
NEW 3回目 ホームページの新規作成もしくは既存のホームページの編集,https://www.lancers.jp/work/detail/4189708,gta_0530 発注 1 評価 3,https://www.lancers.jp/client/gta_0530
NEW 音楽会社のブランディング（営業用）プロモーション動画作成,https://www.lancers.jp/work/detail/4188137,株式会社MARKAS 発注 3 評価 4.2,https://www.lancers.jp/client/markas_nomura
急募 ゲームの紹介ページ制作依頼、動きのあるユニークなページを作成していただきたいです。,https://www.lancers.jp/work/detail/4187173,eonk 発注 49 評価 4.8,https://www.lancers.jp/client/eonk
NEW 【主婦の方歓迎/完全在宅OK/】動画の文字起こし+文章のリライト,https://www.lancers.jp/work/detail/4188071,今井 発注 96 評価 4.7,https://www.lancers.jp/client/yk0212
3回目 法人クライアントWEBサイトのコーディング,https://www.lancers.jp/work/detail/4187234,h58_n5,https://www.lancers.jp/client/h58_n5
初回 Excelでのマクロ作成,https://www.lancers.jp/work/detail/4187254,touei1,https://www.lancers.jp/client/touei1
高級飲料のパッケージデザインをお願いしたいです（パウチ＆ボトル）,https://www.lancers.jp/work/detail/4184901,Ken 発注 43 評価 4.9,https://www.lancers.jp/client/5ca439b04c0cf
【30秒で完了】アイマスクに関するアンケート,https://www.lancers.jp/work/detail/4180364,サトウ 発注 1,https://www.lancers.jp/client/satoko_009
初回 ドレッシングボトルラベル,https://www.lancers.jp/work/detail/4186057,tategamikitchen,https://www.lancers.jp/client/tategamikitchen
PR 【タスク大量募集・高単価】はじめてのAdobe Photoshop vol.5　初心者応援！,https://www.lancers.jp/work/detail/4173482,"ランサーズ株式会社 発注 1,286 評価 4.9",https://www.lancers.jp/client/pf_pc
PR 【タスク大量募集・高単価】はじめてのAdobe Photoshop vol.3　初心者応援！,https://www.lancers.jp/work/detail/4173410,"ランサーズ株式会社 発注 1,286 評価 4.9",https://www.lancers.jp/client/pf_pc
